ID,Field1,Cat #,Suffix,SITE,Period,Form,FormAssessment,Shape,Group,RimDiameter,MunsellPaste,PasteColor,Pocking,HCL,TemperReg,Temper%,Firing,Surface,Design,WallThick,Freq,Weight,Volume,Comments,Assessment,CeramicForm,MunsellSlipColor,Slip,RimShape,Sherds,Page,LevelStratum,Year,Episode,Vessel
3077,12192,16497,P,272182,LC,1,1,239,JG1,35,10YR5/2,grayish brown,1,2,1,1,2,11,0,49,1,14.5,1.95,,,,,,,,,,,,Jars
1724,8882,14245,T,27826,LC,1,1,239,JG1,22,2.5YR5/6,red,0,0,1,1,2,11,0,46,1,15.4,0.62,Orange clay,,,,,,,,,,,Jars
2671,11227,16350,D,272145,LC,1,2,1014,BG2,19,10YR6/4,light yellowish brown,1,0,1,1,2,11,0,65,1,11.5,0.61,Bowl,,,,,,,,,,,Bowls
2714,11307,16384,E,272145,LC,1,2,806,BG1,18,10YR6/4,light yellowish brown,0,1,1,1,2,11,0,43,1,17.4,0.75,Bowl,,,,,,,,,,,Bowls
2737,11377,16408,Q,272145,LC,1,1,1006,BG2,13,10YR7/6,yellow,0,1,1,1,2,13,0,51,1,16,0.6,STRUCTURE #1,,,,,,,,,,,Bowls
2747,11395,16414,AA,272168,LC,1,1,618,BG4,,10YR6/4,light yellowish brown,1,0,1,1,2,12,13,38,1,15.6,1.16,,,,,,,,,,,,Bowls
1182,7707,13323,N,28121,LC,1,1,1056,BG2,25,5YR6/6,light red,0,3,1,2,2,13,0,65,1,18.3,0.89,,,,,,,,,,,,Bowls
1580,8529,14190,C,27826,LC,1,1,1006,BG2,28,2.5YR5/6,red,0,1,1,1,1,11,0,48,1,5.5,0.485,,,,,,,,,,,,Bowls
679,6716,13171,AI,28121,LC,1,1,1006,BG2,30,5YR5/6,red,0,0,1,1,2,12,0,54,1,10.6,1.1,,,,,,,,,,,,Bowls
1567,8500,14178,B,27826,LC,1,1,806,BG1,21,2.5Y5/3,light olive brown,0,0,1,1,2,12,12,57,1,11.4,0.63,Pattern on exterior,,,,,,,,,,,Bowls
1547,8447,13456,O,28121,LC,1,1,1006,BG2,23,10YR6/4,light yellowish brown,0,1,1,2,2,13,0,58,1,21.7,0.129,,,,,,,,,,,,Bowls
3058,12143,16497,A,272182,LC,1,1,239,JG1,20,10YR6/4,light yellowish brown,3,1,1,1,2,11,11,53,1,14.5,1.95,2 SHERDS,,,,,,,,,,,Jars
2355,10543,14396,AD,27866,LC,1,1,248,JG1,9,10YR6/4,light yellowish brown,1,0,1,1,2,12,0,26,1,15.2,0.83,Miniature,,,,,,,,,,,Jars
3069,12182,16497,D,272182,LC,1,1,239,JG1,22,10YR6/3,pale brown,2,1,1,1,2,11,11,63,1,14.5,1.95,,,,,,,,,,,,Jars
2756,11432,16414,X,272168,LC,1,1,618,BG4,13,10YR7/4,very pale brown,2,1,1,1,2,13,13,50,1,15.6,1.16,,,,,,,,,,,,Bowls
880,7117,13207,I,28121,LC,1,2,1006,BG2,26,10YR7/3,very pale brown,0,2,1,1,1,13,24,76,1,10.2,0.16,,,,,,,,,,,,Bowls
3118,12301,16498,EE,272182,LC,1,2,248,JG1,7,2.5Y6/2,light brownish gray,2,2,1,1,2,11,0,61,1,18.9,0.975,,,,,,,,,,,,Jars
1354,8044,13405,AA,28121,LC,1,1,233,JG1,12,2.5YR5/6,red,0,1,1,1,1,12,0,63,1,25.8,0.6,,,,,,,,,,,,Jars
1323,7995,13394,U,28121,LC,1,1,1006,BG2,19,2.5Y6/4,light yellowish brownish,0,3,1,2,2,13,0,56,1,16.9,1.16,,,,,,,,,,,,Bowls
3272,12608,16527,AM,272182,LC,1,1,1014,BG2,14,5YR6/6,light red,0,2,1,1,0,13,0,62,1,17.5,1.285,SLIPPED BOTH SIDES,,,,,,,,,,,Bowls
2084,9822,14321,CZ,27826,LC,1,1,626,BG2,,7.5YR6/6,reddish yellow,0,0,1,1,2,13,11,57,1,17,0.33,GROOVE ON EXT SOME RED SLIP,,,,,,,,,,,Bowls
1014,7387,13272,AO,28121,LC,1,1,1014,BG2,23,5YR6/8,light red,0,3,1,1,2,13,0,49,1,25.8,0.0725,,,,,,,,,,,,Bowls
1655,8720,14220,L,272220,LC,1,1,806,BG1,13,10YR6/2,light brownish gray,1,2,1,1,2,11,0,33,1,19.3,0.98,,,,,,,,,,,,Bowls
1038,7438,13276,D,28121,LC,1,1,248,JG1,10,10YR7/4,very pale brown,0,1,1,1,1,12,0,47,1,13.9,0.5,,,,,,,,,,,,Jars
1043,7458,13294,AF,28121,LC,1,1,235,JG1,10,2.5YR5/6,red,1,1,1,2,2,11,0,65,1,20.3,0.52,,,,,,,,,,,,Jars
1151,7644,13317,A,28121,LC,1,1,1056,BG2,20,10YR7/6,yellow,0,0,1,2,2,14,24,62,1,14.6,0.07,,,,,,,,,,,,Bowls
1462,8258,13422,AD,28121,LC,1,1,1028,BG2,20,7.5YR6/6,reddish yellow,0,1,1,1,2,15,20,53,1,13.8,1.49,,,,,,,,,,,,Bowls
2215,10173,14342,AC,27826,LC,1,1,806,BG1,,10YR7/4,very pale brown,0,0,1,1,2,12,0,48,1,18,0.54,,,,,,,,,,,,Bowls
2144,10019,14332,Q,272220,LC,1,1,1006,BG2,13,10YR3/1,very dark grey,2,1,1,2,2,11,0,58,1,16.1,0.86,bowl,,,,,,,,,,,Bowls
2175,10085,14334,R,272220,LC,1,1,806,BG1,16,10YR5/3,brown,2,2,1,2,2,11,0,40,1,15.7,1.43,bowl,,,,,,,,,,,Bowls
2812,11546,16445,A,272145,LC,1,1,235,JG1,12,10YR5/2,grayish brown,2,0,1,1,2,11,0,44,1,17.6,0.16,2 SHERDS,,,,,,,,,,,Jars
2064,9768,14320,P,27826,LC,1,1,1028,BG2,25,10YR6/4,light yellowish brown,1,0,1,1,2,12,11,72,1,19.2,0.37,Pattern on interior.  Indentation on exterior,,,,,,,,,,,Bowls
2234,10244,14342,Z,27826,LC,1,1,617,BG3,12,10YR6/6,brownish yellow,1,1,1,2,2,12,0,66,1,18,0.54,,,,,,,,,,,,Bowls
2345,10525,14388,J,27866,LC,1,1,1006,BG2,15,7.5YR7/6,reddish yellow,3,2,1,1,2,11,0,48,1,14.2,0.57,AATP Bowl 2 pieces,,,,,,,,,,,Bowls
5519,22131,16564,M,272136,PC,1,1,1006,BG2,16,10YR6/6,brownish yellow,0,0,1,1,2,13,0,36,1,11.6,0.8,,,,,,,,,,,,Bowls
5509,22075,16542,AS,272136,PC,1,1,1014,BG2,14,7.5YR5/6,strong brown,1,2,1,2,2,13,11,56,1,18.4,2.11,BOWL,,,,,,,,,,,Bowls
2309,10450,14387,AE,27866,LC,1,1,806,BG1,23,10YR6/6,brownish yellow,0,1,1,1,2,11,0,28,1,17.2,1.09,AATP Bowl,,,,,,,,,,,Bowls
2057,9752,14319,R,27826,LC,1,1,1028,BG2,33,10YR6/4,light yellowish brown,0,0,1,1,2,13,11,48,1,16.4,0.24,Red slip on interior and exterior,,,,,,,,,,,Bowls
2058,9753,14319,S,27826,Lc,1,1,1006,BG2,22,10YR6/6,brownish yellow,1,0,1,1,2,13,0,68,1,16.4,0.24,,,,,,,,,,,,Bowls
5474,21748,16271,D,272145,PC,1,1,1001,BG2,13,5YR5/6,red,1,2,1,2,2,11,0,78,1,11.3,0.36,BOWL,,,,,,,,,,,Bowls
2884,11691,16468,A,272136,LC,2,1,1307,PG1,18,10YR7/3,very pale brown,1,3,1,1,2,11,0,45,1,16.3,1.375,,,,,,,,,,,,Plates
1078,7510,13294,E,28121,LC,2,1,1028,BG2,18,7.5YR6/6,reddish yellow,0,1,1,1,2,13,11,54,1,20.3,0.52,,,,,,,,,,,,Bowls
2225,10203,14342,CB,27826,LC,3,1,617,BG3,,10YR5/3,brown,0,0,1,1,2,13,11,55,1,18,0.54,2 GROOVES ON EXT,,,,,,,,,,,Bowls
1761,8972,14250,B,27826,LC,5,2,270,JG1,,10YR6/3,pale brown,0,0,1,1,2,21,0,67,1,11,0.99,,,,,,,,,,,,Jars
3486,13084,16579,W,272145,LC,10,1,252,JG2,,10YR6/6,brownish yellow,0,1,1,1,2,13,0,62,1,23.7,1.65,,,,,,,,,,,,Jars
3317,12706,16531,AG,272136,LC,20,1,101,VG1,,2.5Y4/2,dark grayish brown,2,1,1,1,2,11,0,37,1,16.3,1.23,VASE,,,,,,,,,,,Vases
1564,8494,14171,S,27826,LC,21,1,107,VG2,14,7.5YR6/4,light brown,0,0,1,1,1,13,11,58,1,17.8,0.21,3 pcs. Red slip on interior and exterior. 2 grooves on exterior,,,,,,,,,,,Vases
4220,15530,18512,B,272025,LC,21,,251,JG3,15,10YR5/6,yellowish brown,,,,,,,,,1,,,,,Jar,,,,,-,43508,1998,-,Jars
3504,13128,16590,ZI,272145,LC,22,1,104,VG2,20,7.5YR5/4,brown,0,1,1,1,2,13,24,67,1,17.8,0.84,,,,,,,,,,,,Vases
3503,13127,16590,I,272145,LC,22,1,108,VG2,20,7.5YR5/4,brown,0,1,1,1,2,13,24,67,1,17.8,0.84,,,,,,,,,,,,Vases
1312,7976,13374,N,28121,LC,22,2,1315,PG2,25,7.5YR4/4,brown,0,2,1,1,2,12,0,56,1,13.5,1.11,,,,,,,,,,,,Plates
1806,9104,14262,H,27826,LC,23,1,1307,PG1,32,2.5YR6/6,light red,0,1,1,1,2,12,0,84,1,16.3,0.54,,,,,,,,,,,,Plates
1545,8442,13456,I,28121,LC,23,1,1310,PG2,33,10YR6/3,pale brown,0,2,1,1,2,13,0,47,1,21.7,0.129,,,,,,,,,,,,Plates
3392,12858,16547,F,272145,LC,30,1,101,VG1,,10YR3/4,dark yellowish brown,2,1,1,2,2,11,0,53,1,15.3,0.1344,STRUCTURE #1,,,,,,,,,,,Vases
1606,8577,14202,D,272220,LC,30,2,101,VG1,14,10YR6/4,light yellowish brown,0,3,1,1,1,11,0,52,1,12.5,0.4,vase,,,,,,,,,,,Vases
33,959,16541,BF,272136,,31,1,1001,BG2,17,10YR5/4,yellowish brown,0,2,1,2,2,13,0,90,1,14.6,0.156,,,,,,,,,,,,Bowls
190,5372,16605,H,272145,EC,31,1,105,VG1,10,10YR4/1,dark gray,0,2,1,1,2,11,0,63,1,19.1,0.1825,VASE,,,,,,,,,,,Vases
2567,10972,16209,D,272145,LC,31,2,1014,BG2,18,5YR6/4,light reddish brown,0,0,1,1,2,11,0,42,1,19.5,0.73,2 SHERDS,,,,,,,,,,,Bowls
43,1064,16571,GO,272136,,31,1,1001,BG2,11,7.5YR4/6,strong brown,1,2,1,2,2,12,0,75,1,16.3,1.12,,,,,,,,,,,,Bowls
5518,22129,16564,H,272136,PC,31,1,1006,BG2,,7.5YR5/6,strong brown,0,2,1,2,2,11,0,64,1,11.6,0.8,,,,,,,,,,,,Bowls
1941,9479,14298,AF,272220,LC,31,1,111,VG3,10,2.5YR5/6,red,3,2,1,1,2,11,0,47,1,12.4,0.39,,,,,,,,,,,,Vases
3528,13167,16607,O,272136,LC,31,1,112,VG1,10,10YR4/6,dark yellowish brown,0,2,1,1,2,13,0,55,1,17.3,0.38,VASE,,,,,,,,,,,Vases
2932,11803,16482,T,272136,LC,31,1,1001,BG2,16,2.5Y6/4,light yellowish brownish,1,1,1,2,2,12,0,80,1,17.9,2.58,BOWL,,,,,,,,,,,Bowls
1517,8388,13445,E,28121,LC,31,1,115,VG3,10,2.5YR5/8,red,0,2,1,2,2,12,0,41,1,57.5,0.004,,,,,,,,,,,,Vases
1360,8057,13405,AN,28121,LC,31,1,1308,PG2,20,10YR4/2,dark grayish brown,1,2,1,1,2,11,0,79,1,25.8,0.6,,,,,,,,,,,,Plates
5694,23271,18506,DM,272025,PrC,32,,808,BG1,35,2.5Y7/4,pale yellow,,,,,,,,,1,,,,,Bowl / I,,,,,-,43497,1998,-,Bowls
2680,11248,16359,D,272145,LC,32,1,1310,PG2,10,2.5Y5/2,grayish brown,0,2,1,1,2,11,0,59,1,19.4,2.11,,,,,,,,,,,,Plates
1448,8241,13420,M,28121,LC,33,1,106,VG1,20,10R5/8,red,0,2,1,1,2,14,0,43,1,25.4,0.6,,,,,,,,,,,,Vases
1450,8243,13420,P,28121,LC,33,1,106,VG1,14,10R5/6,red,0,3,1,1,2,13,0,34,1,25.4,0.6,,,,,,,,,,,,Vases
425,6022,13076,D,28121,LC,33,1,809,BG1,38,7.5YR4/3,brown,1,3,1,1,1,12,0,78,1,20.1,0.61,,,,,,,,,,,,Bowls
3008,12045,16484,M,272182,LC,33,1,113,VG1,16,7.5YR6/4,light brown,0,1,1,1,2,12,0,53,1,16.1,0.78,SLIP ON OUTSIDE,,,,,,,,,,,Vases
5527,22193,16571,FU,272136,PC,33,1,626,BG2,16,5YR6/6,light red,1,2,1,2,2,12,0,62,1,16.3,1.12,,,,,,,,,,,,Bowls
2949,11848,16484,BO,272182,LC,33,1,106,VG1,18,7.5YR6/4,light brown,0,2,1,1,2,12,13,58,1,16.1,0.78,2 SLIGHTLY RAISED RIDGES ON OUTSIDE AND THIRD RIDGE WHICH TURNS DOWN AT AN ANGLE,,,,,,,,,,,Vases
5526,22192,16571,FM,272136,PC,33,1,626,BG2,10,5YR6/6,light red,1,2,1,2,2,13,0,60,1,16.3,1.12,,,,,,,,,,,,Bowls
1898,9359,14286,F,27826,LC,33,1,108,VG2,16,7.5YR6/6,reddish yellow,0,0,1,1,1,12,0,41,1,11.3,0.44,,,,,,,,,,,,Vases
1850,9208,14270,A,272220,LC,33,2,1014,BG2,18,10YR6/4,light yellowish brown,3,2,1,1,0,11,0,107,1,14.6,0.14,,,,,,,,,,,,Bowls
367,5907,13042,J,28121,LC,33,1,1028,BG2,20,10YR6/3,pale brown,0,3,1,1,2,11,0,63,1,13.7,0.41,,,,,,,,,,,,Bowls
1183,7708,13323,P,28121,LC,40,1,804,BG3,20,10YR7/3,very pale brown,0,1,1,2,2,11,0,105,1,18.3,0.89,,,,,,,,,,,,Bowls
2607,11060,16235,F,272145,LC,40,1,1308,PG2,,10YR4/4,dark yellowish brown,1,2,1,2,2,11,0,76,1,11.1,0.14,,,,,,,,,,,,Plates
719,6795,13176,A,28121,LC,40,1,844,BG3,38,10YR4/3,brown,3,3,2,1,1,11,0,69,1,22.7,0.63,,,,,,,,,,,,Bowls
5412,21424,14304,G,272220,PC,40,1,1001,BG2,20,10YR6/1,gray,0,1,1,1,2,11,0,87,1,13,0.41,,,,,,,,,,,,Bowls
967,7288,13264,AE,28121,LC,41,1,1315,PG2,48,10YR5/6,yellowish brown,2,2,1,2,2,11,0,96,1,15.4,0.34,,,,,,,,,,,,Plates
34,969,16542,BG,272136,,41,1,1314,PG2,23,10YR4/6,dark yellowish brown,0,0,1,2,2,11,0,73,1,18.4,2.11,,,,,,,,,,,,Plates
507,6197,13095,O,28121,LC,41,1,1309,PG2,25,10YR3/2,very dark grayish brown,2,2,1,2,2,11,0,114,1,21.9,0.72,,,,,,,,,,,,Plates
329,5820,13044,C,28121,LC,51,1,272,JG3,50,10YR6/3,pale brown,2,3,1,2,1,11,0,92,1,20.6,0.2,,,,,,,,,,,,Jars
2690,11260,16359,V,272145,LC,51,1,105,VG1,,2.5Y6/3,light yellowish brownish,3,1,2,1,2,13,0,60,1,19.4,2.11,2 SHERDS STRUCTURE#1,,,,,,,,,,,Vases
2691,11263,16359,Y,272145,LC,51,1,1310,PG2,,2.5Y6/3,light yellowish brownish,0,2,1,1,2,13,0,68,1,19.4,2.11,,,,,,,,,,,,Plates
2931,11801,16482,N,272136,LC,51,1,270,JG1,,10YR6/4,light yellowish brown,2,2,1,1,2,11,0,52,1,17.9,2.58,"Changed from 1648(2?) to agree with ceram, 12/13/2010, aeh.  LAST # OF CAT NO. BROKEN OFF WOJ",,,,,,,,,,,Jars
3403,12881,16548,S,272145,LC,51,1,1310,PG2,,10YR7/4,very pale brown,1,1,2,1,2,12,0,95,1,28.2,1.2,,,,,,,,,,,,Plates
4443,16555,18630,C,272025,LC,51,,246,JG3,20,10YR5/4,yellowish brown,,,,,,,,,1,,,,,Base,,,,,-,16103,1998,-,Jars
3291,12634,16527,BO,272182,LC,51,1,1310,PG2,,10YR6/2,light brownish gray,1,1,1,1,2,13,0,59,1,17.5,1.285,SLIP ON INSIDE,,,,,,,,,,,Plates
915,7188,13220,D,28121,LC,52,1,322,JG3,,10YR6/2,light brownish gray,0,0,1,1,2,12,0,50,1,15.5,1.23,,,,,,,,,,,,Jars
976,7310,13266,AC,28121,LC,52,1,1319,PG1,,10YR7/4,very pale brown,0,1,1,1,1,11,0,65,1,14.4,0.94,,,,,,,,,,,,Plates
5465,21708,16187,N,272145,PC,53,1,207,JG1,,7.5YR5/4,brown,2,1,1,2,2,11,0,77,1,21.9,0.55,W.O.J.,,,,,,,,,,,Jars
2164,10057,14333,K,27826,LC,53,1,1311,PG3,,10YR7/3,very pale brown,0,0,2,1,2,13,0,83,1,13.8,0.43,,,,,,,,,,,,Plates
165,5169,16240,L,272162,EC,53,1,1028,BG2,,7.5YR7/2,pinkish gray,2,2,1,1,2,11,0,52,1,21.6,0.135,,,,,,,,,,,,Bowls
583,6363,13125,C,28121,LC,53,1,105,VG1,,5YR5/6,red,1,3,1,1,1,11,0,109,1,8.9,0.16,,,,,,,,,,,,Vases
1703,8837,14237,J,272220,LC,54,2,1006,BG2,,10YR7/3,very pale brown,2,3,1,1,2,11,0,75,1,19.6,0.4,illegible,,,,,,,,,,,Bowls
1879,9299,14278,J,27826,LC,55,2,1006,BG2,,10YR6/3,pale brown,1,1,1,1,2,11,0,67,1,7.2,0.25,,,,,,,,,,,,Bowls
1502,8345,13433,AQ,28121,LC,57,2,107,VG2,28,7.5YR7/4,pink,0,3,1,1,2,13,0,48,1,12.8,0.49,,,,,,,,,,,,Vases
1479,8293,13428,Q,28121,LC,57,1,107,VG2,15,10YR6/6,brownish yellow,0,1,1,1,2,13,20,5,1,20,0.424,,,,,,,,,,,,Vases
1478,8292,13428,P,28121,LC,57,2,107,VG2,22,5YR6/6,light red,0,2,1,1,2,11,0,49,1,20,0.424,,,,,,,,,,,,Vases
1477,8291,13428,O,28121,LC,57,2,107,VG2,20,7.5YR6/6,reddish yellow,0,1,1,1,2,13,0,39,1,20,0.424,,,,,,,,,,,,Vases
1501,8344,13433,AP,28121,LC,57,1,105,VG1,19,5YR5/8,yellowish red,0,0,1,1,0,12,13,47,1,12.8,0.49,,,,,,,,,,,,Vases
3290,12628,16527,BI,272182,LC,62,1,110,VG1,,10YR3/2,very dark grayish brown,2,1,1,2,2,11,0,0,1,17.5,1.285,,,,,,,,,,,,Vases
572,6337,13124,AU,28121,LC,71,2,252,JG2,42,10YR5/1,gray,0,3,1,3,2,11,0,115,1,23.8,0.95,,,,,,,,,,,,Jars
1619,8606,14206,B,272220,LC,71,1,238,JG1,22,10YR5/4,yellowish brown,2,2,1,2,2,11,0,73,1,15.9,0.56,,,,,,,,,,,,Jars
570,6334,13124,AM,28121,LC,71,2,1315,PG2,44,7.5YR3/2,dark brown,1,2,1,2,1,11,0,93,1,23.8,0.95,,,,,,,,,,,,Plates
596,6521,13143,BE,28121,LC,71,1,1306,PG3,38,5YR6/6,light red,0,0,1,1,2,12,0,84,1,21.3,1.49,,,,,,,,,,,,Plates
597,6522,13143,BF,28121,LC,71,1,1313,PG4,38,5YR6/4,light reddish brown,0,0,1,1,2,13,11,81,1,21.3,1.49,,,,,,,,,,,,Plates
617,6565,13144,X,28121,LC,71,1,324,JG3,24,10YR7/6,yellow,2,3,2,2,0,11,0,57,1,12.1,0.63,,,,,,,,,,,,Jars
1598,8566,14200,G,272220,LC,71,1,1319,PG1,,10YR6/4,light yellowish brown,3,2,1,1,0,11,0,69,1,13.1,0.84,,,,,,,,,,,,Plates
624,6576,13145,AN,28121,LC,71,1,1307,PG1,34,7.5YR7/6,reddish yellow,0,1,1,1,2,13,11,78,1,16.8,,,,,,,,,,,,,Plates
19,662,14195,K,272220,,71,1,114,VG3,10,10YR7/1,light gray,1,1,1,1,2,11,0,29,1,12.1,0.43,VASE,,,,,,,,,,,Vases
447,6076,13079,AAA,28121,LC,71,1,306,JG3,35,10YR5/2,grayish brown,0,0,1,1,2,13,0,44,1,12.2,0.74,,,,,,,,,,,,Jars
2081,9818,14321,CV,27826,LC,71,1,1313,PG4,30,10YR6/6,brownish yellow,0,0,1,1,2,13,11,70,1,17,0.33,"Incised line 1/2"" below exterior rim, slip interior and exterior, 2 pieces",,,,,,,,,,,Plates
2080,9816,14321,CP,27826,LC,71,1,1313,PG4,19,10YR5/6,yellowish brown,3,0,1,1,2,13,11,86,1,17,0.33,"Incised 1/2"" down on exterior rim",,,,,,,,,,,Plates
2059,9755,14319,U,27826,LC,71,1,1311,PG3,41,10YR6/6,brownish yellow,1,0,1,1,2,11,0,54,1,16.4,0.24,,,,,,,,,,,,Plates
152,5119,16171,O,272162,EC,71,1,1306,PG3,,10YR3/2,very dark grayish brown,2,2,1,2,2,12,0,57,1,12.3,0.47,T.P. PLATE,,,,,,,,,,,Plates
192,5379,16610,I,272136,EC,71,1,1318,PG1,25,7.5YR5/6,strong brown,0,2,1,1,2,15,24,76,1,17.1,0.255,POLYCHROME,,,,,,,,,,,Plates
193,5380,16610,J,272136,EC,71,1,1318,PG1,30,7.5YR5/6,strong brown,0,2,1,2,2,15,24,77,1,17.1,0.255,POLYCHROME,,,,,,,,,,,Plates
212,6378,13126,AO,28121,LC,71,1,1308,PG2,40,10YR6/6,brownish yellow,0,1,1,1,2,12,0,83,1,9.1,0.54,,,,,,,,,,,,Plates
1959,9526,14300,K,272220,LC,71,1,1308,PG2,32,10YR6/3,pale brown,1,1,1,1,2,11,0,77,1,10.6,0.67,,,,,,,,,,,,Plates
1769,8996,14255,K,27826,LC,71,1,207,JG1,25,10YR5/6,yellowish brown,0,2,1,2,2,11,0,68,1,7.2,0.55,,,,,,,,,,,,Jars
441,6067,13078,M,28121,LC,71,1,1313,PG4,32,10YR6/4,light yellowish brown,0,1,1,1,2,12,11,72,1,13.8,1.96,,,,,,,,,,,,Plates
1706,8843,14240,C,27826,LC,71,1,1313,PG4,26,10YR7/2,light gray,0,0,1,1,2,12,11,80,1,21.2,0.42,incised line on exterior.  Faded slip,,,,,,,,,,,Plates
481,6145,13085,D,28121,LC,71,1,238,JG1,36,7.5YR5/4,brown,1,2,1,1,2,11,0,82,1,6.5,0.48,,,,,,,,,,,,Jars
489,6164,13095,AQ,28121,LC,71,1,246,JG3,35,10YR5/3,brown,2,2,2,3,2,11,0,117,1,21.9,0.72,,,,,,,,,,,,Jars
1831,9173,14265,P,272220,LC,71,1,235,JG1,32,7.5YR6/4,light brown,0,1,1,1,2,11,0,71,1,13.4,0.45,,,,,,,,,,,,Jars
776,6913,13183,D,28121,LC,71,1,238,JG1,26,7.5YR6/4,light brown,0,3,2,2,1,11,0,88,1,13.4,0.4,,,,,,,,,,,,Jars
496,6183,13095,CA,28121,LC,71,1,246,JG3,20,10YR5/4,yellowish brown,2,2,2,2,2,11,0,124,1,21.9,0.72,,,,,,,,,,,,Jars
625,6578,13145,AR,28121,LC,71,1,311,JG1,17,7.5YR7/6,reddish yellow,0,1,1,2,2,11,0,84,1,16.8,,,,,,,,,,,,,Jars
1768,8995,14255,I,27826,LC,71,1,1310,PG2,30,5YR5/6,red,2,2,1,2,2,11,0,82,1,7.2,0.55,,,,,,,,,,,,Plates
497,6184,13095,CB,28121,LC,71,1,246,JG3,,10YR5/3,brown,1,2,2,2,2,11,0,111,1,21.9,0.72,,,,,,,,,,,,Jars
331,5822,13044,F,28121,LC,71,1,1307,PG1,32,5YR6/4,light reddish brown,0,1,1,1,2,11,11,74,1,20.6,0.2,,,,,,,,,,,,Plates
1030,7424,13275,EEE,28121,LC,71,2,1310,PG2,25,10YR6/4,light yellowish brown,1,1,2,2,2,11,0,86,1,13.4,0.108,,,,,,,,,,,,Plates
1397,8135,13415,M,28121,LC,71,1,1308,PG2,29,10YR6/4,light yellowish brown,0,1,2,1,2,13,0,77,1,12.1,0.096,,,,,,,,,,,,Plates
1383,8109,13407,C,28121,LC,71,1,1313,PG4,34,7.5YR6/4,light brown,1,1,1,1,2,11,11,66,1,37.5,1.02,,,,,,,,,,,,Plates
923,7203,13220,Y,28121,LC,71,2,1308,PG2,24,7.5YR6/4,light brown,0,0,1,1,2,12,0,77,1,15.5,1.23,,,,,,,,,,,,Plates
975,7306,13265,C,28121,LC,71,2,110,VG1,34,5YR6/6,light red,0,3,1,1,2,13,0,85,1,11.3,0.31,,,,,,,,,,,,Vases
1267,7886,13355,L,28121,LC,71,1,1319,PG1,31,10YR6/4,light yellowish brown,1,0,1,1,2,13,11,77,1,16.1,0.143,,,,,,,,,,,,Plates
1263,7881,13355,E,28121,LC,71,1,1308,PG2,34,10YR6/6,brownish yellow,0,1,1,1,2,12,0,83,1,16.1,0.143,,,,,,,,,,,,Plates
1210,7785,13344,AF,28121,LC,71,1,1310,PG2,24,2.5Y7/2,light gray,0,3,1,1,2,12,0,81,1,18.7,0.05,,,,,,,,,,,,Plates
1209,7784,13344,AC,28121,LC,71,1,238,JG1,37,7.5YR5/8,strong brown,0,3,2,3,0,11,0,87,1,18.7,0.05,,,,,,,,,,,,Jars
739,6833,13178,AM,28121,LC,71,1,1315,PG2,34,10YR6/4,light yellowish brown,0,3,1,1,2,12,0,91,1,26.9,0.49,,,,,,,,,,,,Plates
1001,7360,13268,V,28121,LC,71,2,238,JG1,26,10YR4/3,brown,0,1,1,1,1,11,0,104,1,20.8,0.27,,,,,,,,,,,,Jars
843,7036,13190,E,28121,LC,71,1,253,JG4,32,10YR5/4,yellowish brown,0,2,2,2,1,11,0,66,1,35.3,0.26,,,,,,,,,,,,Jars
1035,7435,13275,V,28121,LC,71,1,1315,PG2,29,10YR7/6,yellow,1,2,1,1,2,12,0,72,1,13.4,0.108,,,,,,,,,,,,Plates
1177,7695,13323,CX,28121,LC,71,1,106,VG1,,5YR6/6,light red,0,1,1,1,2,13,0,65,1,18.3,0.89,,,,,,,,,,,,Vases
1037,7437,13275,Z,28121,LC,71,1,252,JG2,23,10YR5/6,yellowish brown,0,3,2,2,0,11,0,105,1,13.4,0.108,,,,,,,,,,,,Jars
1156,7653,13323,AE,28121,LC,71,1,310,JG3,,10YR6/6,brownish yellow,2,3,1,2,2,11,0,97,1,18.3,0.89,,,,,,,,,,,,Jars
1079,7514,13294,EI,28121,LC,71,1,233,JG1,36,10YR6/6,brownish yellow,1,1,1,1,2,13,0,71,1,20.3,0.52,,,,,,,,,,,,Jars
1132,7609,13313,A,28121,LC,71,1,1315,PG2,,10YR6/4,light yellowish brown,1,1,2,2,2,11,0,75,1,14.1,0.05,,,,,,,,,,,,Plates
1111,7572,13300,Q,28121,LC,71,2,1306,PG3,27,10YR5/2,grayish brown,1,1,1,2,2,12,0,105,1,14,0.5,,,,,,,,,,,,Plates
1110,7571,13300,N,28121,LC,71,1,1309,PG2,35,10YR6/6,brownish yellow,0,0,2,1,2,12,0,69,1,14,0.5,changed 133?0 to 13300 1/13/11 AAP,,,,,,,,,,,Plates
978,7316,13266,AM,28121,LC,71,2,247,JG4,50,7.5YR4/6,strong brown,1,2,1,1,1,11,0,59,1,14.4,0.94,,,,,,,,,,,,Jars
1543,8438,13456,AN,28121,LC,71,1,1310,PG2,28,10YR6/4,light yellowish brown,0,3,1,1,2,13,0,88,1,21.7,0.129,,,,,,,,,,,,Plates
646,6636,13148,BD,28121,LC,71,1,1309,PG2,33,7.5YR5/6,strong brown,1,1,2,1,2,11,0,114,1,16,0.39,,,,,,,,,,,,Plates
647,6637,13148,BG,28121,LC,71,1,1315,PG2,28,2.5Y6/3,light yellowish brownish,0,1,2,2,2,11,0,106,1,16,0.39,changed 13??8 A(?)G to 13148 BG 1/6/11 AAP,,,,,,,,,,,Plates
729,6816,13177,E,28121,LC,71,1,235,JG1,34,5YR7/8,light red,0,0,1,0,2,11,0,55,1,16.2,0.39,,,,,,,,,,,,Jars
1203,7771,13333,V,28121,LC,71,2,250,JG3,35,7.5YR6/6,reddish yellow,1,3,2,3,2,11,0,88,1,24.3,0.24,,,,,,,,,,,,Jars
771,6905,13183,A,28121,LC,71,1,1308,PG2,32,10YR7/4,very pale brown,0,2,1,1,1,12,0,77,1,13.4,0.4,,,,,,,,,,,,Plates
1109,7569,13300,L,28121,LC,71,1,1315,PG2,29,10YR6/6,brownish yellow,0,1,1,2,2,13,0,80,1,14,0.5,,,,,,,,,,,,Plates
1555,8464,13493,D,28121,LC,71,1,1308,PG2,33,10YR6/3,pale brown,0,1,1,1,2,13,0,69,1,16.2,0.0198,,,,,,,,,,,,Plates
1553,8459,13474,C,28121,LC,71,1,1310,PG2,30,10YR7/4,very pale brown,0,2,1,1,2,13,0,70,1,15.5,0.024,,,,,,,,,,,,Plates
886,7132,13208,Y,28121,LC,71,1,1315,PG2,34,7.5YR7/4,pink,0,1,1,1,2,12,0,85,1,14.8,0.37,,,,,,,,,,,,Plates
796,6958,13186,F,28121,LC,71,1,322,JG3,39,7.5YR5/3,brown,0,3,1,3,1,11,0,87,1,118.2,0.0216,,,,,,,,,,,,Jars
874,7104,13198,H,28121,LC,71,1,1310,PG2,25,10YR5/4,yellowish brown,1,1,1,1,2,13,0,65,1,11.4,0.15,,,,,,,,,,,,Plates
1525,8402,13447,K,28121,LC,71,1,1308,PG2,,7.5YR7/6,reddish yellow,0,2,1,1,2,13,0,64,1,20.1,0.04,,,,,,,,,,,,Plates
798,6962,13186,ZF,28121,LC,71,1,322,JG3,39,7.5YR5/3,brown,0,3,1,3,1,11,0,87,1,118.2,,,,,,,,,,,,,Jars
812,6985,13189,AV,28121,LC,71,1,310,JG3,50,2.5YR5/8,red,3,1,2,2,1,11,0,70,1,17.7,0.48,,,,,,,,,,,,Jars
1474,8286,13428,F,28121,LC,71,2,106,VG1,35,7.5YR5/4,brown,0,1,1,1,2,13,13,77,1,20,0.424,changed 13?28 to 13428 1/6/11 AAP,,,,,,,,,,,Vases
1472,8283,13427,U,28121,LC,71,1,1308,PG2,23,10YR7/2,light gray,0,2,1,1,2,12,0,74,1,12.6,0.54,,,,,,,,,,,,Plates
813,6988,13189,BE,28121,LC,71,1,116,VG1,,5YR5/6,red,0,0,2,1,2,11,11,70,1,17.7,0.48,Vase New Shape,,,,,,,,,,,Vases
814,6990,13189,BH,28121,LC,71,1,1315,PG2,,5YR6/1,reddish gray,0,0,1,1,1,11,0,80,1,17.7,0.48,,,,,,,,,,,,Plates
837,7023,13189,RR,28121,LC,71,1,1315,PG2,30,5YR7/4,light reddish brown,0,2,1,1,2,13,0,80,1,17.7,0.48,,,,,,,,,,,,Plates
628,6588,13145,U,28121,LC,71,1,246,JG3,18,2.5Y5/2,grayish brown,1,3,2,3,2,11,0,76,1,16.8,,,,,,,,,,,,,Jars
778,6922,13184,B,28121,LC,71,1,1310,PG2,36,10YR6/2,light brownish gray,0,2,1,1,1,11,0,83,1,7.2,0.13,,,,,,,,,,,,Plates
3449,13001,16574,F,272136,LC,71,1,106,VG1,32,10YR6/4,light yellowish brown,0,0,1,1,2,12,0,75,1,14.5,0.97,STRUCTURE #1,,,,,,,,,,,Vases
2397,10663,14428,T,27866,LC,71,1,311,JG1,,2.5Y5/2,grayish brown,3,2,1,2,2,11,0,66,1,9.9,0.51,,,,,,,,,,,,Jars
5340,21089,13178,AH,28121,PC,71,2,207,JG1,38,7.5YR6/4,light brown,0,1,1,2,2,11,0,89,1,26.9,0.49,,,,,,,,,,,,Jars
4898,18415,14255,N,27826,LPC,71,1,1306,PG3,21,2.5Y3/3,dark olive brown,3,0,1,2,2,11,0,69,1,7.2,0.55,,,,,,,,,,,,Plates
4897,18414,14255,J,27826,LPC,71,1,1309,PG2,,10YR5/8,yellowish brown,1,1,1,1,2,11,0,77,1,7.2,0.55,,,,,,,,,,,,Plates
4887,18379,14178,H,27826,LPC,71,1,1309,PG2,,5YR4/6,red,3,0,1,1,2,11,0,73,1,11.4,0.63,,,,,,,,,,,,Plates
2923,11783,16481,P,272136,LC,71,1,233,JG1,31,2.5Y5/3,light olive brown,1,2,1,1,2,11,0,64,1,12.1,0.45,NO,,,,,,,,,,,Jars
2967,11887,16484,DF,272182,LC,71,1,270,JG1,26,7.5YR6/4,light brown,1,0,1,1,2,13,0,79,1,16.1,0.78,TWO SHERDS; SLIPPED,,,,,,,,,,,Jars
2969,11893,16484,DL,272182,LC,71,2,270,JG1,42,10YR6/4,light yellowish brown,0,1,1,1,2,11,0,67,1,16.1,0.78,,,,,,,,,,,,Jars
3533,13180,16612,N,272136,LC,71,1,1318,PG1,25,7.5YR5/6,strong brown,0,2,1,1,2,15,24,70,1,16.4,0.01,POLYCHROME 3 PIECES,,,,,,,,,,,Plates
3526,13165,16606,Z,272136,LC,71,1,1318,PG1,21,7.5YR6/6,reddish yellow,0,1,1,1,2,15,24,65,1,17.5,0.0675,POLYCHROME 2 PIECES,,,,,,,,,,,Plates
3523,13160,16606,G,272136,LC,71,1,1314,PG2,33,10YR5/6,yellowish brown,1,2,1,2,2,13,0,58,1,17.5,0.0675,,,,,,,,,,,,Plates
3522,13159,16606,E,272136,LC,71,1,1318,PG1,25,7.5YR5/6,strong brown,0,2,1,2,2,15,24,61,1,17.5,0.0675,POLYCHROME changed 16606(?) to 16606 1/24/11 AAP,,,,,,,,,,,Plates
3521,13158,16606,C,272136,LC,71,1,1318,PG1,,7.5YR5/6,strong brown,0,2,1,2,2,15,24,75,1,17.5,0.0675,POLYCHROME 3 PIECES,,,,,,,,,,,Plates
5362,21167,13272,AI,28121,PC,71,1,207,JG1,,7.5YR5/8,strong brown,3,0,1,3,2,11,0,78,1,25.8,0.0725,,,,,,,,,,,,Jars
3406,12895,16552,D,272145,LC,71,1,238,JG1,23,2.5Y5/3,light olive brown,0,0,1,1,2,11,0,58,1,22.2,0.2345,STRUCTURE #1,,,,,,,,,,,Jars
3258,12586,16525,H,272182,LC,71,1,1310,PG2,19,10YR7/1,light gray,2,2,1,1,2,11,0,61,1,16.5,0.58625,,,,,,,,,,,,Plates
3264,12597,16527,AA,272182,LC,71,1,1310,PG2,19,10YR6/6,brownish yellow,1,1,1,1,2,14,21,76,1,17.5,1.285,,,,,,,,,,,,Plates
3267,12600,16527,AD,272182,LC,71,1,1310,PG2,31,2.5Y6/4,light yellowish brownish,0,2,1,1,2,13,0,54,1,17.5,1.285,TRACE RED SLIP ON INT,,,,,,,,,,,Plates
3270,12603,16527,AH,272182,LC,71,1,1310,PG2,,10YR6/6,brownish yellow,0,1,1,2,2,13,0,101,1,17.5,1.285,TRACE RED SLIP ON INT,,,,,,,,,,,Plates
3354,12777,16540,B,272136,LC,71,1,101,VG1,,7.5YR6/8,reddish yellow,1,0,1,1,2,12,0,49,1,11.7,0.78,VASE,,,,,,,,,,,Vases
3466,13046,16579,CC,272145,LC,71,1,1314,PG2,,2.5YR5/8,red,0,2,1,2,0,11,0,63,1,23.7,1.65,,,,,,,,,,,,Plates
3388,12849,16545,F,272145,LC,71,1,246,JG3,,10YR6/6,brownish yellow,0,1,1,1,2,11,0,60,1,12.3,0.0945,,,,,,,,,,,,Jars
3453,13008,16578,G,272145,LC,71,1,1313,PG4,45,10YR6/4,light yellowish brown,0,1,1,1,0,13,0,80,1,33.6,0.11,Pronounced flat rim,,,,,,,,,,,Plates
3101,12267,16498,CU,272182,LC,71,1,1308,PG2,28,10YR5/1,gray,3,2,1,1,2,11,0,72,1,18.9,0.975,,,,,,,,,,,,Plates
3098,12263,16498,CP,272182,LC,71,1,1310,PG2,29,10YR6/6,brownish yellow,3,1,1,1,2,11,0,69,1,18.9,0.975,,,,,,,,,,,,Plates
3434,12950,16566,D,272136,LC,71,1,1314,PG2,,10YR4/4,dark yellowish brown,0,1,1,2,2,14,11,92,1,17.5,0.15,,,,,,,,,,,,Plates
2086,9824,14321,DB,27826,LC,71,1,1311,PG3,,7.5YR7/3,pink,0,0,1,1,2,13,11,69,1,17,0.33,"Some interior slip, incised line 3/4"" below exterior rim",,,,,,,,,,,Plates
3015,12065,16485,L,272182,LC,71,1,239,JG1,27,10YR6/6,brownish yellow,2,0,1,1,2,12,0,77,1,19,0.3125,NO,,,,,,,,,,,Jars
2729,11353,16405,F,272145,LC,71,1,1315,PG2,42,10YR6/6,brownish yellow,2,1,1,2,2,13,0,64,1,16.3,1.66,Lower interior ridge notch,,,,,,,,,,,Plates
3363,12793,16541,BB,272136,LC,71,1,270,JG1,,7.5YR6/6,reddish yellow,1,2,1,2,2,13,0,90,1,14.6,0.156,,,,,,,,,,,,Jars
2226,10209,14342,CJ,27826,LC,71,1,1308,PG2,35,10YR6/4,light yellowish brown,2,2,1,2,2,12,0,63,1,18,0.54,,,,,,,,,,,,Plates
5530,22210,16585,C,272136,PC,71,1,238,JG1,26,7.5YR5/6,strong brown,1,2,1,2,2,15,24,107,1,14.4,0.5,JAR,,,,,,,,,,,Jars
5520,22132,16564,X,272136,PC,71,1,235,JG1,15,5YR5/8,yellowish red,1,2,1,1,2,13,0,52,1,11.6,0.8,,,,,,,,,,,,Jars
5416,21455,14322,AF,27826,PC,71,1,1310,PG2,24,7.5YR2/0,,3,2,1,2,2,11,0,100,1,19.2,0.23,PLATE BURNT,,,,,,,,,,,Plates
2289,10391,14361,P,272220,LC,71,1,106,VG1,29,2.5Y7/4,pale yellow,1,3,1,1,0,11,0,45,1,14.2,0.33,,,,,,,,,,,,Vases
2210,10157,14341,AX,272220,LC,71,1,234,JG1,,10YR5/3,brown,2,1,1,1,2,11,0,71,1,14.8,0.24,,,,,,,,,,,,Jars
2201,10146,14341,AF,272220,LC,71,1,1308,PG2,35,10YR6/4,light yellowish brown,0,1,1,1,2,11,0,70,1,14.8,0.24,,,,,,,,,,,,Plates
2287,10386,14361,I,272220,LC,71,1,1315,PG2,25,5YR5/8,yellowish red,1,0,1,1,2,12,0,88,1,14.2,0.33,2 pieces,,,,,,,,,,,Plates
5499,21977,16486,AK,272145,PC,71,1,234,JG1,21,10YR5/6,yellowish brown,1,0,1,1,2,12,0,76,1,19.3,1.94,,,,,,,,,,,,Jars
2109,9902,14325,AY,27826,LC,71,2,207,JG1,23,10YR4/2,dark grayish brown,1,2,1,1,2,12,11,83,1,20.7,0.42,,,,,,,,,,,,Jars
5401,21353,14216,C,272220,PC,71,1,1310,PG2,29,10YR6/6,brownish yellow,1,1,1,1,2,12,0,77,1,17.1,0.59,AATP PLATE,,,,,,,,,,,Plates
379,5934,13064,I,28121,LC,72,1,810,BG4,32,10YR6/3,pale brown,0,1,1,1,2,13,15,74,1,14.8,0.06,,,,,,,,,,,,Bowls
1136,7614,13313,I,28121,LC,72,1,1028,BG2,29,10YR6/6,brownish yellow,0,2,1,1,2,12,0,54,1,14.1,0.05,,,,,,,,,,,,Bowls
3391,12855,16547,B,272145,LC,72,1,1001,BG2,,10YR6/6,brownish yellow,0,1,1,1,2,13,11,77,1,15.3,0.1344,Bowl,,,,,,,,,,,Bowls
1152,7645,13317,B,28121,LC,72,1,1028,BG2,23,10YR7/6,yellow,0,2,1,1,2,14,0,66,1,14.6,0.07,,,,,,,,,,,,Bowls
422,6017,13069,T,28121,LC,72,1,1006,BG2,50,10YR6/6,brownish yellow,0,0,1,1,2,11,11,66,1,12.4,0.155,,,,,,,,,,,,Bowls
372,5914,13045,I,28121,LC,72,1,618,BG4,28,7.5YR7/2,pinkish gray,0,0,1,1,1,13,0,62,1,15.5,0.33,,,,,,,,,,,,Bowls
1641,8681,14216,V,272220,LC,72,1,1006,BG2,23,10YR6/4,light yellowish brown,3,2,1,1,0,11,0,49,1,17.1,0.59,,,,,,,,,,,,Bowls
362,5898,13042,AA,28121,LC,72,1,1006,BG2,32,7.5YR6/6,reddish yellow,0,0,1,1,2,13,11,52,1,13.7,0.41,,,,,,,,,,,,Bowls
423,6019,13069,W,28121,LC,72,1,1006,BG2,35,7.5YR6/8,reddish yellow,0,,1,1,2,11,0,68,1,12.4,0.155,,,,,,,,,,,,Bowls
348,5854,13014,J,28121,LC,72,2,1006,BG2,40,7.5YR7/4,pink,0,1,1,1,2,12,11,70,1,23.8,0.34,,,,,,,,,,,,Bowls
1125,7599,13311,D,28121,LC,72,1,1014,BG2,37,10YR5/4,yellowish brown,0,2,1,1,2,13,0,81,1,23.6,0.38,,,,,,,,,,,,Bowls
378,5933,13064,H,28121,LC,72,1,1006,BG2,24,7.5YR6/6,reddish yellow,0,0,1,1,2,13,0,88,1,14.8,0.06,,,,,,,,,,,,Bowls
1226,7810,13345,AK,28121,LC,72,1,1006,BG2,19,7.5YR6/6,reddish yellow,1,1,1,1,2,14,0,72,1,19.8,0.81,,,,,,,,,,,,Bowls
1333,8008,13395,AS,28121,LC,72,2,1014,BG2,33,10YR7/4,very pale brown,0,2,1,1,2,13,0,87,1,16.6,0.87,changed 1339?5 to 13395 1/14/11 AAP,,,,,,,,,,,Bowls
3182,12428,16503,V,272136,LC,72,1,1006,BG2,,10YR6/6,brownish yellow,0,2,1,1,2,13,0,47,1,16.3,0.51,BOWL       2 PIECES,,,,,,,,,,,Bowls
1315,7980,13394,AC,28121,LC,72,1,1014,BG2,33,10YR7/4,very pale brown,0,2,2,1,2,12,0,95,1,16.9,1.16,,,,,,,,,,,,Bowls
211,6377,13126,AM,28121,LC,72,2,1006,BG2,,10YR7/6,yellow,0,2,1,1,2,12,0,83,1,9.1,0.54,,,,,,,,,,,,Bowls
1279,7912,13361,Y,28121,LC,72,1,1014,BG2,22,10YR7/3,very pale brown,1,2,2,2,2,12,0,84,1,20.9,0.3,,,,,,,,,,,,Bowls
249,6475,13133,V,28121,LC,72,1,1014,BG2,30,10YR6/3,pale brown,2,0,1,0,2,12,0,76,1,16.3,0.68,,,,,,,,,,,,Bowls
340,5842,13010,D,28121,LC,72,2,806,BG1,30,10YR6/2,light brownish gray,0,1,1,1,2,12,0,59,1,7,0.4,,,,,,,,,,,,Bowls
1234,7818,13345,AT,28121,LC,72,1,1006,BG2,,10YR6/4,light yellowish brown,0,1,1,1,2,13,0,72,1,19.8,0.81,,,,,,,,,,,,Bowls
1178,7700,13323,DC,28121,LC,72,1,1006,BG2,,10YR7/4,very pale brown,0,0,1,0,2,12,0,71,1,18.3,0.89,,,,,,,,,,,,Bowls
1222,7805,13344,W,28121,LC,72,1,1014,BG2,37,10YR7/2,light gray,0,2,1,1,2,12,0,82,1,18.7,0.05,,,,,,,,,,,,Bowls
3297,12668,16527,DC,272182,LC,72,1,239,JG1,23,10YR6/6,brownish yellow,0,1,1,1,0,13,0,52,1,17.5,1.285,,,,,,,,,,,,Jars
1196,7754,13331,O,28121,LC,72,1,1014,BG2,,7.5YR7/6,reddish yellow,0,2,1,1,2,13,0,82,1,12.1,1.04,,,,,,,,,,,,Bowls
1192,7743,13328,V,28121,LC,72,1,1014,BG2,,10YR7/6,yellow,0,0,1,0,2,11,0,58,1,11.5,0.77,,,,,,,,,,,,Bowls
1185,7723,13325,K,28121,LC,72,1,1006,BG2,32,10YR6/4,light yellowish brown,0,2,1,1,2,13,0,53,1,16.3,0.77,,,,,,,,,,,,Bowls
327,5817,13042,Y,28121,LC,72,1,1006,BG2,30,10YR6/4,light yellowish brown,0,0,1,0,2,11,0,51,1,13.7,0.41,Changed 1304(?) to 13042 1/7/11 JBP,,,,,,,,,,,Bowls
1235,7819,13345,AU,28121,LC,72,1,1014,BG2,33,10YR6/4,light yellowish brown,3,2,1,1,2,11,0,61,1,19.8,0.81,,,,,,,,,,,,Bowls
649,6641,13148,BM,28121,LC,72,1,1014,BG2,29,10YR6/3,pale brown,0,1,2,1,2,12,0,71,1,16,0.39,,,,,,,,,,,,Bowls
3467,13047,16579,CD,272145,LC,72,1,250,JG3,32,10YR7/2,light gray,0,1,1,1,2,14,0,80,1,23.7,1.65,,,,,,,,,,,,Jars
4903,18458,16189,B,272145,LPC,72,1,1006,BG2,34,5YR7/8,light red,1,0,1,3,2,11,0,86,1,17,0.46,Bowl,,,,,,,,,,,Bowls
711,6781,13175,BM,28121,LC,72,2,1001,BG2,40,10YR6/3,pale brown,0,3,1,1,2,11,0,66,1,16.8,0.19,,,,,,,,,,,,Bowls
708,6777,13175,BH,28121,LC,72,1,1028,BG2,37,10YR7/4,very pale brown,0,1,1,1,2,11,0,63,1,16.8,0.19,,,,,,,,,,,,Bowls
5019,19235,16248,C,272162,MPC,72,1,1014,BG2,9,5YR5/8,yellowish red,0,1,1,2,2,13,0,42,1,21.6,0.05125,VERY THINNED WALL; 10CM DIAMETER,,,,,,,,,,,Bowls
674,6702,13170,H,28121,LC,72,1,617,BG3,46,2.5Y6/2,light brownish gray,0,0,1,1,2,13,0,67,1,10.8,1.55,,,,,,,,,,,,Bowls
735,6828,13178,AD,28121,LC,72,1,1014,BG2,38,7.5YR6/4,light brown,0,2,1,1,1,13,0,77,1,26.9,0.49,,,,,,,,,,,,Bowls
650,6643,13148,BO,28121,LC,72,1,618,BG4,29,10YR6/4,light yellowish brown,0,1,1,1,2,13,13,46,1,16,0.39,,,,,,,,,,,,Bowls
527,6251,13106,AD,28121,LC,72,2,810,BG4,30,10YR5/3,brown,0,1,1,1,2,13,0,82,1,19.4,1,,,,,,,,,,,,Bowls
622,6572,13145,AF,28121,LC,72,1,618,BG4,18,10YR5/4,yellowish brown,0,1,1,1,2,13,11,93,1,16.8,,,,,,,,,,,,,Bowls
601,6526,13143,BJ,28121,LC,72,1,1006,BG2,36,7.5YR7/6,reddish yellow,0,0,1,1,1,13,11,79,1,21.3,1.49,,,,,,,,,,,,Bowls
555,6305,13108,S,28121,LC,72,1,1014,BG2,,7.5YR8/4,pink,1,0,1,1,1,11,0,69,1,13.5,0.46,,,,,,,,,,,,Bowls
564,6327,13124,AA,28121,LC,72,2,1014,BG2,36,7.5YR6/6,reddish yellow,0,3,1,1,1,11,0,59,1,23.8,0.95,,,,,,,,,,,,Bowls
5403,21368,14230,AB,272220,PC,72,1,1001,BG2,40,10YR5/2,grayish brown,1,1,2,2,2,11,0,100,1,14.2,0.86,,,,,,,,,,,,Bowls
588,6375,13126,AG,28121,LC,72,2,1014,BG2,37,7.5YR6/6,reddish yellow,0,0,1,1,2,11,0,84,1,9.1,0.54,,,,,,,,,,,,Bowls
657,6656,13148,U,28121,LC,72,1,1014,BG2,42,10YR5/4,yellowish brown,0,1,1,1,2,12,0,92,1,16,0.39,,,,,,,,,,,,Bowls
912,7184,13219,S,28121,LC,72,1,1014,BG2,42,7.5YR6/4,light brown,0,2,1,1,2,11,0,72,1,12.7,0.45,,,,,,,,,,,,Bowls
815,6991,13189,BM,28121,LC,72,1,1014,BG2,,7.5YR6/6,reddish yellow,1,0,1,1,1,13,0,100,1,17.7,0.48,,,,,,,,,,,,Bowls
1105,7565,13300,E,28121,LC,72,1,1014,BG2,29,10YR6/6,brownish yellow,0,1,1,1,2,13,0,74,1,14,0.5,,,,,,,,,,,,Bowls
1103,7561,13298,P,28121,LC,72,1,1006,BG2,18,10YR6/4,light yellowish brown,1,1,1,1,2,13,0,53,1,21.8,0.05,,,,,,,,,,,,Bowls
3511,13143,16600,B,272136,LC,72,2,1056,BG2,,10YR6/6,brownish yellow,2,1,1,1,2,12,0,65,1,15.6,0.17,BOWL,,,,,,,,,,,Bowls
1054,7474,13294,BB,28121,LC,72,1,259,JG2,,10YR6/4,light yellowish brown,1,0,1,1,2,12,0,78,1,20.3,0.52,,,,,,,,,,,,Jars
453,6091,13079,Z,28121,LC,72,1,1014,BG2,27,10YR5/3,brown,0,0,1,1,2,12,0,64,1,12.2,0.74,,,,,,,,,,,,Bowls
720,6797,13176,AC,28121,LC,72,2,806,BG1,16,7.5YR7/4,pink,0,1,1,1,2,13,0,46,1,22.7,0.63,,,,,,,,,,,,Bowls
5475,21759,16290,A,272145,PC,72,1,1014,BG2,40,7.5YR6/4,light brown,0,3,1,2,2,13,0,55,1,19.3,1.11,BOWL WAXY SLIP,,,,,,,,,,,Bowls
1124,7595,13310,Q,28121,LC,72,1,808,BG1,38,7.5YR6/4,light brown,0,0,1,1,1,12,0,74,1,19.3,0.118,,,,,,,,,,,,Bowls
5408,21401,14272,G,272220,PC,72,1,1014,BG2,34,10YR5/3,brown,2,2,1,1,2,11,0,51,1,14.4,0.43,,,,,,,,,,,,Bowls
897,7154,13213,X,28121,LC,72,1,1006,BG2,35,7.5YR7/6,reddish yellow,0,1,1,1,2,12,11,62,1,26.7,0.77,,,,,,,,,,,,Bowls
5405,21375,14234,G,272220,PC,72,1,238,JG1,32,5YR4/6,red,0,3,1,1,0,11,0,82,1,14,0.48,WOJ,,,,,,,,,,,Jars
1353,8043,13396,G,28121,LC,72,1,1014,BG2,43,7.5YR6/4,light brown,0,3,1,1,2,12,0,54,1,19,0.45,,,,,,,,,,,,Bowls
1148,7640,13315,S,28121,LC,72,1,807,BG4,19,7.5YR7/4,pink,0,1,1,1,2,13,11,81,1,30,1,,,,,,,,,,,,Bowls
4895,18404,14230,AC,272220,LPC,72,2,1006,BG2,32,10YR5/2,grayish brown,0,0,1,1,2,11,0,62,1,14.2,0.86,,,,,,,,,,,,Bowls
483,6150,13086,C,28121,LC,72,1,1014,BG2,34,10YR6/3,pale brown,2,0,1,1,2,12,0,97,1,6.7,0.31,,,,,,,,,,,,Bowls
1595,8559,14199,H,272220,LC,72,2,1014,BG2,24,7.5YR6/4,light brown,2,1,1,1,2,11,0,55,1,19.7,0.55,,,,,,,,,,,,Bowls
1963,9531,14300,R,272220,LC,72,1,1006,BG2,36,10YR6/2,light brownish gray,1,3,1,2,2,11,0,57,1,10.6,0.67,,,,,,,,,,,,Bowls
2041,9710,14318,T,272220,LC,72,1,1014,BG2,36,7.5YR6/4,light brown,1,3,1,1,1,11,0,57,1,15.9,0.215,,,,,,,,,,,,Bowls
1855,9231,14270,U,272220,LC,72,1,1001,BG2,28,10YR6/4,light yellowish brown,0,1,1,1,2,11,0,65,1,14.6,0.14,,,,,,,,,,,,Bowls
2310,10453,14387,AH,27866,LC,72,1,1014,BG2,25,10YR6/6,brownish yellow,1,1,1,1,2,12,0,61,1,17.2,1.09,Bowl/2 pieces,,,,,,,,,,,Bowls
2955,11861,16484,CE,272182,LC,72,1,618,BG4,24,7.5YR6/4,light brown,1,1,1,1,1,11,0,60,1,16.1,0.78,,,,,,,,,,,,Bowls
1427,8191,13418,G,28121,LC,72,1,1014,BG2,42,10YR7/3,very pale brown,0,2,1,1,2,13,0,70,1,15.9,0.26,,,,,,,,,,,,Bowls
2326,10495,14387,CH,27866,LC,72,1,1028,BG2,28,10YR5/3,brown,2,1,1,1,2,11,0,46,1,17.2,1.09,Bowl/2 pieces,,,,,,,,,,,Bowls
1530,8413,13449,C,28121,LC,72,1,1006,BG2,,10YR8/4,very pale brown,0,2,1,1,2,12,0,78,1,90.5,0.108,,,,,,,,,,,,Bowls
1964,9534,14300,V,272220,LC,72,1,1014,BG2,32,7.5YR4/4,brown,0,0,1,1,2,13,24,64,1,10.6,0.67,,,,,,,,,,,,Bowls
1783,9018,14256,X,27826,LC,72,2,679,BG1,34,10YR3/2,very dark grayish brown,1,2,2,3,2,11,0,80,1,8.8,0.64,,,,,,,,,,,,Bowls
2405,10680,16165,H,272145,LC,72,1,808,BG1,40,7.5YR6/4,light brown,0,1,1,1,2,11,0,88,1,15.9,0.46,,,,,,,,,,,,Bowls
1490,8321,13430,A,28121,LC,72,1,1028,BG2,32,7.5YR5/4,brown,0,1,1,1,2,11,11,81,1,14.7,0.3075,,,,,,,,,,,,Bowls
1947,9486,14298,O,272220,LC,72,2,1028,BG2,22,10YR6/2,light brownish gray,1,2,1,1,1,11,0,61,1,12.4,0.39,,,,,,,,,,,,Bowls
1408,8157,13416,AT,28121,LC,72,1,1014,BG2,20,10YR7/2,light gray,0,0,1,1,2,13,0,79,1,24.6,0.81,,,,,,,,,,,,Bowls
1372,8085,13405,P,28121,LC,72,1,809,BG1,38,10YR3/1,very dark grey,2,1,1,1,1,11,0,77,1,25.8,0.6,,,,,,,,,,,,Bowls
1134,7611,13313,F,28121,LC,72,1,1028,BG2,24,2.5YR5/8,red,1,3,1,1,2,14,0,62,1,14.1,0.05,,,,,,,,,,,,Bowls
1385,8112,13412,AA,28121,LC,72,2,1006,BG2,30,7.5YR6/4,light brown,0,2,1,1,2,13,0,52,1,20.9,0.46,,,,,,,,,,,,Bowls
1974,9554,14301,S,272220,LC,72,1,617,BG3,34,7.5YR7/4,pink,1,3,1,1,1,12,0,59,1,17.9,0.84,,,,,,,,,,,,Bowls
1725,8884,14245,W,27826,LC,72,1,1056,BG2,32,10YR4/3,brown,2,0,1,1,1,11,0,53,1,15.4,0.62,changed 143(?)44(?) to 14245 2/16/11 AAP,,,,,,,,,,,Bowls
2459,10768,16170,DO,272145,LC,72,1,1028,BG2,24,10YR7/1,light gray,0,0,1,1,2,13,0,69,1,33.3,,,,,,,,,,,,,Bowls
1977,9561,14302,AD,272220,LC,72,2,1014,BG2,38,5YR5/6,red,1,0,2,1,2,11,0,62,1,19.1,0.4,,,,,,,,,,,,Bowls
1671,8769,14230,W,272220,LC,72,2,1014,BG2,30,10YR5/3,brown,1,0,1,1,2,11,0,67,1,14.2,0.86,,,,,,,,,,,,Bowls
1797,9066,14260,AC,272220,LC,72,2,1001,BG2,38,10YR6/4,light yellowish brown,0,0,1,1,2,11,0,59,1,17.4,0.9,,,,,,,,,,,,Bowls
1668,8747,14230,AA,272220,LC,72,1,617,BG3,34,7.5YR6/3,light brown,2,2,1,1,2,11,0,45,1,14.2,0.86,,,,,,,,,,,,Bowls
1356,8050,13405,AG,28121,LC,72,1,1006,BG2,36,7.5YR6/6,reddish yellow,0,1,1,1,2,11,11,67,1,25.8,0.6,,,,,,,,,,,,Bowls
1666,8745,14222,Q,272220,LC,72,1,1014,BG2,34,2.5YR4/8,red,0,0,1,1,2,11,0,58,1,15.1,0.32,,,,,,,,,,,,Bowls
2708,11293,16379,O,272145,LC,72,1,806,BG1,26,10YR6/6,brownish yellow,0,1,1,1,2,13,11,62,1,18.4,1.81,,,,,,,,,,,,Bowls
1542,8434,13456,AG,28121,LC,73,1,1308,PG2,44,10YR6/6,brownish yellow,0,2,1,1,2,13,0,84,1,21.7,0.129,,,,,,,,,,,,Plates
477,6139,13084,H,28121,LC,73,1,1318,PG1,,10YR8/4,very pale brown,0,0,1,1,2,11,0,74,1,9.3,0.1,,,,,,,,,,,,Plates
999,7350,13268,A,28121,LC,73,1,1315,PG2,36,10YR6/4,light yellowish brown,0,2,1,1,1,11,0,77,1,20.8,0.27,,,,,,,,,,,,Plates
1000,7352,13268,D,28121,LC,73,1,1308,PG2,44,7.5YR6/6,reddish yellow,0,3,1,1,2,13,0,82,1,20.8,0.27,,,,,,,,,,,,Plates
707,6776,13175,BE,28121,LC,73,1,1319,PG1,,10YR6/4,light yellowish brown,0,2,1,1,2,12,0,67,1,16.8,0.19,,,,,,,,,,,,Plates
2280,10369,14358,N,272220,LC,73,1,1308,PG2,,10YR6/3,pale brown,3,2,1,2,2,11,0,65,1,16.1,0.265,,,,,,,,,,,,Plates
514,6216,13104,AS,28121,LC,73,1,1315,PG2,36,7.5YR6/6,reddish yellow,0,0,1,1,2,11,0,78,1,8.3,0.38,,,,,,,,,,,,Plates
847,7048,13192,B,28121,LC,73,1,1315,PG2,37,7.5YR6/6,reddish yellow,0,2,1,1,2,13,0,86,1,15.9,0.58,,,,,,,,,,,,Plates
1539,8428,13455,I,28121,LC,73,1,1308,PG2,36,7.5YR6/4,light brown,0,3,1,1,1,13,0,92,1,26.8,0.12,,,,,,,,,,,,Plates
589,6376,13126,AL,28121,LC,73,1,1315,PG2,39,10YR7/4,very pale brown,0,1,1,1,2,12,0,72,1,9.1,0.54,,,,,,,,,,,,Plates
598,6523,13143,BG,28121,LC,73,1,1315,PG2,50,7.5YR7/4,pink,0,0,1,1,1,11,0,75,1,21.3,1.49,,,,,,,,,,,,Plates
777,6916,13183,P,28121,LC,73,1,1315,PG2,30,10YR6/6,brownish yellow,0,2,1,1,2,12,0,71,1,13.4,0.4,,,,,,,,,,,,Plates
747,6855,13179,D,28121,LC,73,1,325,JG3,40,7.5YR7/6,reddish yellow,0,0,1,1,2,13,0,83,1,15.5,0.36,2 pieces,,,,,,,,,,,Jars
2536,10918,16192,E,272145,LC,73,1,1315,PG2,37,10YR6/3,pale brown,0,0,1,1,2,13,0,79,1,17.3,0.77,,,,,,,,,,,,Plates
677,6711,13171,AA,28121,LC,73,1,1308,PG2,38,7.5YR6/4,light brown,0,0,1,1,1,12,0,80,1,10.6,1.1,,,,,,,,,,,,Plates
713,6783,13175,BP,28121,LC,73,1,1309,PG2,40,10YR6/4,light yellowish brown,0,2,1,1,2,13,0,82,1,16.8,0.19,,,,,,,,,,,,Plates
712,6782,13175,BO,28121,LC,73,1,1308,PG2,42,10YR6/4,light yellowish brown,0,2,1,1,2,12,0,72,1,16.8,0.19,,,,,,,,,,,,Plates
848,7049,13192,C,28121,LC,73,1,1308,PG2,42,10YR6/4,light yellowish brown,0,2,1,1,2,12,0,69,1,15.9,0.58,,,,,,,,,,,,Plates
1409,8158,13416,AU,28121,LC,73,1,1308,PG2,38,7.5YR6/6,reddish yellow,0,2,1,1,2,13,0,65,1,24.6,0.81,,,,,,,,,,,,Plates
1430,8197,13418,S,28121,LC,73,1,1315,PG2,44,7.5YR6/4,light brown,0,2,1,1,2,13,0,105,1,15.9,0.26,,,,,,,,,,,,Plates
1424,8187,13417,L,28121,LC,73,1,1310,PG2,38,7.5YR6/6,reddish yellow,0,2,1,1,2,13,0,81,1,9.6,0.89,,,,,,,,,,,,Plates
1423,8186,13417,J,28121,LC,73,1,1314,PG2,40,10YR6/6,brownish yellow,0,1,1,1,2,13,0,67,1,9.6,0.89,,,,,,,,,,,,Plates
1415,8168,13416,BF,28121,LC,73,1,1308,PG2,42,10YR6/4,light yellowish brown,0,2,1,1,2,14,0,74,1,24.6,0.81,,,,,,,,,,,,Plates
1413,8165,13416,BC,28121,LC,73,1,1308,PG2,24,7.5YR7/4,pink,0,2,1,1,1,13,0,71,1,24.6,0.81,,,,,,,,,,,,Plates
446,6075,13079,AA,28121,LC,73,1,1308,PG2,,2.5Y5/2,grayish brown,0,0,1,1,2,12,0,92,1,12.2,0.74,,,,,,,,,,,,Plates
1437,8214,13419,X,28121,LC,73,1,1319,PG1,42,10YR5/4,yellowish brown,0,3,1,1,1,14,0,77,1,15.4,1.27,,,,,,,,,,,,Plates
1410,8159,13416,AV,28121,LC,73,1,1314,PG2,44,10YR6/4,light yellowish brown,0,2,1,1,2,13,0,75,1,24.6,0.81,,,,,,,,,,,,Plates
1414,8167,13416,BE,28121,LC,73,1,1309,PG2,34,10YR7/2,light gray,0,1,1,1,2,13,0,61,1,24.6,0.81,,,,,,,,,,,,Plates
1407,8156,13416,AS,28121,LC,73,1,1315,PG2,40,7.5YR7/6,reddish yellow,0,0,1,1,2,13,0,85,1,24.6,0.81,,,,,,,,,,,,Plates
1295,7945,13371,DL,28121,LC,73,1,1308,PG2,40,10YR6/4,light yellowish brown,0,2,1,1,2,13,0,80,1,20.1,0.132,,,,,,,,,,,,Plates
1296,7948,13371,DO,28121,LC,73,1,1319,PG1,43,7.5YR6/6,reddish yellow,0,0,1,1,2,12,0,61,1,20.1,0.132,,,,,,,,,,,,Plates
5768,23612,13143,ZBC,28121,TC,73,1,1320,PG4,30,7.5YR6/4,light brown,0,0,1,1,2,13,11,62,1,21.3,1.49,,,,,,,,,,,,Plates
1332,8007,13395,AP,28121,LC,73,1,1315,PG2,,7.5YR7/6,reddish yellow,0,2,1,1,2,13,0,72,1,16.6,0.87,,,,,,,,,,,,Plates
1335,8014,13395,BJ,28121,LC,73,1,1308,PG2,33,10YR6/6,brownish yellow,0,1,1,1,2,13,0,78,1,16.6,0.87,,,,,,,,,,,,Plates
1411,8160,13416,AW,28121,LC,73,1,1308,PG2,36,7.5YR7/4,pink,0,1,1,1,1,13,0,79,1,24.6,0.81,,,,,,,,,,,,Plates
1467,8263,13422,B,28121,LC,73,1,1319,PG1,35,10YR7/6,yellow,0,1,1,1,2,13,0,78,1,13.8,1.49,,,,,,,,,,,,Plates
1412,8161,13416,AX,28121,LC,73,1,1308,PG2,36,10YR6/4,light yellowish brown,0,1,1,1,1,13,0,74,1,24.6,0.81,,,,,,,,,,,,Plates
2011,9631,14309,J,272220,LC,74,1,1308,PG2,34,10YR6/2,light brownish gray,0,0,1,1,2,11,0,74,1,16.3,0.25,,,,,,,,,,,,Plates
5575,22494,18409,BD,272025,PC,74,,1309,PG2,15,7.5YR6/8,reddish yellow,3,3,1,1,2,0,0,5.2,1,17,,,,,,,,,,,1998,,Plates
5076,19789,18377,-,272025,MPrC,74,,1319,PG1,,7.5YR6/4,light brown,,,,,,,,,1,,,,,Plate,,None,,,STRUCTURE 5-01-28,43586,1997,-,Plates
5071,19774,18349,-,272025,MPrC,74,,1313,PG4,,7.5YR5/6,strong brown,,,,,,,,,1,,,,,Plate,,None,,,STRUCTURE 5-01-26,43586,1997,-,Plates
5586,22521,18415,N,272025,PC,74,,1308,PG2,10,10YR6/6,brownish yellow,9,1,1,2,2,13,0,5.6,1,19,,"External flange, exterior ridge notch",,,,,,,,,,,Plates
5610,22612,18424,Z,272025,PC,74,,1308,PG2,20,10YR6/3,pale brown,9,1,1,2,1,13,0,7.4,1,10,,,,,,,,,,,,,Plates
5646,23102,18319,-,272025,PrC,74,,1310,PG2,,7.5YR6/3,light brown,,,,,,,,,1,,,,,Plate,2.5YR4/6,Red slip inside,,,STRUCTURE 5-03-14,43588,1996,-,Plates
2018,9644,14310,P,272220,LC,74,1,1308,PG2,36,7.5YR6/3,light brown,1,1,1,1,1,11,0,71,1,20.2,0.35,,,,,,,,,,,,Plates
5245,20636,18253,-,272005,MPrC/LPrC/EC,74,,1309,PG2,,5YR6/4,light reddish brown,,,,,,,,,1,,,,,Plate,2.5YR4/4,Possible traces of reddish brown slip inside and outside,,,DWALL-06-1,D-06,1996,-,Plates
699,6756,13174,J,28121,LC,74,1,1310,PG2,28,7.5YR5/3,brown,0,1,1,1,2,13,0,68,1,14,0.37,,,,,,,,,,,,Plates
113,4860,18415,Q,272025,,74,,1314,PG2,28,7.5YR6/6,reddish yellow,3,2,1,1,2,13,0,6.9,2,15,,possible vase,,,,,,,,,,,Plates
2002,9613,14306,T,272220,LC,74,1,1315,PG2,34,7.5YR6/4,light brown,1,2,1,1,2,11,0,60,1,12.7,0.67,,,,,,,,,,,,Plates
1994,9595,14306,AF,272220,LC,74,1,1308,PG2,36,7.5YR6/3,light brown,0,1,1,1,2,11,0,65,1,12.7,0.67,,,,,,,,,,,,Plates
5567,22460,18388,A,272025,PC,74,,1308,PG2,25,10YR6/3,pale brown,3,0,1,1,2,12,0,7.3,1,11,,well fired,,,,,,,,,1998,,Plates
26,851,16464,AX,272145,,74,2,1315,PG2,32,10YR6/2,light brownish gray,1,1,1,1,2,12,13,72,1,28.2,1.56,,,,,,,,,,,,Plates
122,4896,18424,CT,272025,,74,,1314,PG2,25,10YR6/2,light brownish gray,2,1,1,1,2,13,0,6,1,16,,medial flange on exterior,,,,,,,,,,,Plates
5583,22518,18415,B,272025,PC,74,,1315,PG2,27,10YR7/4,very pale brown,3,0,2,2,2,12,0,7.4,1,62,,External flange,,,,,,,,,,,Plates
2095,9868,14323,J,272220,LC,74,1,1308,PG2,34,10YR5/2,grayish brown,1,3,1,1,2,11,0,67,1,15.3,0.93,,,,,,,,,,,,Plates
1897,9350,14286,AS,27826,LC,74,2,1314,PG2,38,2.5Y5/2,grayish brown,0,1,1,1,2,11,0,62,1,11.3,0.44,,,,,,,,,,,,Plates
1799,9069,14260,AF,272220,LC,74,1,1310,PG2,38,7.5YR6/4,light brown,1,3,1,1,2,11,0,52,1,17.4,0.9,,,,,,,,,,,,Plates
1798,9068,14260,AE,272220,LC,74,1,1314,PG2,38,10YR6/1,gray,1,1,1,1,2,11,0,61,1,17.4,0.9,2 pieces,,,,,,,,,,,Plates
2239,10253,14343,N,272220,LC,74,1,1315,PG2,42,10YR6/2,light brownish gray,0,0,1,1,2,11,0,72,1,15,0.34,,,,,,,,,,,,Plates
5584,22519,18415,D,272025,PC,74,,1309,PG2,24,10YR7/6,yellow,2,1,1,2,2,13,0,7.2,1,38,,External flange,,,,,,,,,,,Plates
2034,9695,14317,I,272220,LC,74,1,1314,PG2,32,7.5YR6/4,light brown,0,1,1,1,2,11,0,74,1,11.9,0.385,,,,,,,,,,,,Plates
2101,9879,14324,J,272220,LC,74,1,1308,PG2,32,7.5YR6/3,light brown,0,1,1,1,2,11,0,65,1,12.2,0.84,changed 14324(?) to 14324 2/16/11 AAP,,,,,,,,,,,Plates
5124,19965,18328,-,272025,"MPrC
LPrC
LC",74,,1309,PG2,,5YR6/4,light reddish brown,,,,,,,,,1,,,,,Plate,2.5.YR4/8,Traces of red slip on outside,,,JOBO-4,1,1996,-,Plates
5582,22517,18415,F,272025,PC,74,,1314,PG2,42,10YR7/6,yellow,1,3,2,1,2,0,0,4.9,1,19,,External medial flange,,,,,,,,,,,Plates
2035,9696,14317,J,272220,LC,74,1,1315,PG2,36,7.5YR6/4,light brown,1,0,1,1,2,11,0,95,1,11.9,0.385,,,,,,,,,,,,Plates
1766,8986,14251,N,272220,LC,74,1,1314,PG2,32,5YR6/6,light red,0,0,1,1,2,11,0,67,1,11.8,0.26,,,,,,,,,,,,Plates
5294,20886,17567,-,272005,MPrC/LPrC/LC,74,,1313,PG4,,5YR6/4,light reddish brown,,,,,,,,,1,,,,,Plate,,None,,,9-SEQ9-19,"9-01, 9-15",1995,9,Plates
5259,20675,18327,-,272025,MPrC/LPrC/EC,74,,1319,PG1,,10YR6/2,light brownish gray,,,,,,,,,1,,,,,Plate,"Background:  2.5YR6/6
Trim:  red - 2.5YR4/8
black - 10YR2/1","Background:  slight trace of light red slip inside;
Trim:  red on inside, slight trace of black slip on inside",,,LT-X-23,,1996,-,Plates
5585,22520,18415,AN,272025,PC,74,,1308,PG2,14,7.5YR6/4,light brown,1,3,1,1,1,12,0,6.1,1,21,,"External flange, interior ridge",,,,,,,,,,,Plates
1981,9568,14302,Q,272220,LC,74,1,1308,PG2,38,10YR5/2,grayish brown,1,2,1,1,2,11,0,61,1,19.1,0.4,,,,,,,,,,,,Plates
1496,8337,13432,Q,28121,LC,74,1,1315,PG2,30,7.5YR5/4,brown,0,2,1,1,2,12,0,87,1,18.7,0.0001,,,,,,,,,,,,Plates
3811,14425,18370,-,272005,LC,74,,1308,PG2,,7.5YR6/4,light brown,,,,,,,,,1,,,,,Plate,2.5YR4/8,Red slip on inside and outside,,,EP25XR-24,25-01,1997,-,Plates
3767,14244,18349,-,272025,LC,74,,1307,PG1,,5YR6/4,light reddish brown,,,,,,,,,1,,,,,Plate,,None,,,STRUCTURE 5-01-27,43586,1997,-,Plates
3763,14218,18349,-,272025,LC,74,,1308,PG2,,10YR6/3,pale brown,,,,,,,,,1,,,,,Plate,2.5YR4/6,Traces of red slip inside,,,STRUCTURE 5-01-28,43586,1997,-,Plates
3757,14202,18349,-,272025,LC,74,,1307,PG1,,7.5YR6/4,light brown,,,,,,,,,1,,,,,Plate,2.5YR4/8,Red slip inside and outside,,,STRUCTURE 5-01-22,43586,1997,-,Plates
1664,8740,14222,J,272220,LC,74,2,1308,PG2,26,10YR6/3,pale brown,1,1,1,1,2,11,0,62,1,15.1,0.32,changed 14222(?) to 14222 1/15/11 AAP,,,,,,,,,,,Plates
3664,13822,18319,-,272025,LC,74,,1314,PG2,,7.5YR6/4,light brown,,,,,,,,,1,,,,,Plate,2.5YR5/8,Red slip inside and outside,,,STRUCTURE 5-03-13,43588,1996,-,Plates
757,6872,13180,AL,28121,LC,74,1,1308,PG2,36,7.5YR6/4,light brown,0,1,1,1,1,11,0,78,1,11.8,0.62,,,,,,,,,,,,Plates
2991,11946,16484,FM,272182,LC,74,1,1309,PG2,45,7.5YR6/4,light brown,1,1,1,1,1,11,0,88,1,16.1,0.78,,,,,,,,,,,,Plates
2992,11948,16484,FP,272182,LC,74,1,1311,PG3,38,7.5YR5/3,brown,0,1,1,1,2,11,0,64,1,16.1,0.78,,,,,,,,,,,,Plates
2993,11949,16484,FQ,272182,LC,74,1,1315,PG2,40,5YR6/6,light red,0,1,1,1,2,12,0,70,1,16.1,0.78,TRACE OF SLIP ON INSIDE,,,,,,,,,,,Plates
2997,11953,16484,FU,272182,LC,74,1,1310,PG2,40,7.5YR5/2,brown,0,2,1,1,1,12,0,68,1,16.1,0.78,,,,,,,,,,,,Plates
3819,14440,18370,-,272005,LC,74,,1308,PG2,,10YR6/4,light yellowish brown,,,,,,,,,1,,,,,Plate,2.5YR4/8,Trace of red slip inside and outside,,,EP25XR-24,25-01,1997,-,Plates
1497,8338,13432,R,28121,LC,74,1,1315,PG2,34,10YR6/2,light brownish gray,0,1,1,1,2,13,0,74,1,18.7,0.0001,,,,,,,,,,,,Plates
1007,7371,13271,L,28121,LC,74,1,1315,PG2,26,2.5YR5/4,reddish brown,0,3,1,1,1,14,0,69,1,21.3,0.3,,,,,,,,,,,,Plates
1121,7592,13310,N,28121,LC,74,1,1315,PG2,38,7.5YR6/4,light brown,0,3,1,1,2,13,0,91,1,19.3,0.118,,,,,,,,,,,,Plates
1489,8318,13429,T,28121,LC,74,1,1310,PG2,32,7.5YR6/4,light brown,0,1,1,1,1,13,0,60,1,7.2,1.25,,,,,,,,,,,,Plates
3003,11966,16484,GK,272182,LC,74,1,1309,PG2,35,10YR5/4,yellowish brown,0,1,1,1,2,11,0,87,1,16.1,0.78,,,,,,,,,,,,Plates
3004,11967,16484,GL,272182,LC,74,1,1308,PG2,35,10YR6/2,light brownish gray,0,2,1,1,2,11,0,86,1,16.1,0.78,,,,,,,,,,,,Plates
3006,12005,16484,IA,272182,LC,74,1,1309,PG2,25,7.5YR7/3,pink,0,1,1,1,2,11,0,80,1,16.1,0.78,,,,,,,,,,,,Plates
3061,12151,16497,AJ,272182,LC,74,1,1308,PG2,32,10YR6/3,pale brown,0,2,1,1,1,11,0,71,1,14.5,1.95,LACING HOLE?,,,,,,,,,,,Plates
3067,12175,16497,BH,272182,LC,74,1,1308,PG2,34,7.5YR6/4,light brown,1,1,1,1,2,11,0,79,1,14.5,1.95,,,,,,,,,,,,Plates
1455,8248,13420,X,28121,LC,74,1,1315,PG2,40,7.5YR6/4,light brown,0,2,1,1,2,13,0,73,1,25.4,0.6,,,,,,,,,,,,Plates
3150,12357,16499,AA,272182,LC,74,1,1309,PG2,35,10YR6/3,pale brown,0,1,1,1,2,11,0,87,1,16.3,0.05,,,,,,,,,,,,Plates
3151,12358,16499,AB,272182,LC,74,1,1309,PG2,35,10YR7/3,very pale brown,0,1,1,1,2,11,0,86,1,16.3,0.05,,,,,,,,,,,,Plates
3152,12359,16499,AD,272182,LC,74,1,1318,PG1,30,7.5YR6/6,reddish yellow,1,2,1,1,2,11,0,67,1,16.3,0.05,,,,,,,,,,,,Plates
1104,7563,13299,A,28121,LC,74,1,1315,PG2,,10YR6/6,brownish yellow,0,1,2,1,2,13,0,92,1,15.6,0.002,,,,,,,,,,,,Plates
3925,14910,18417,BB,272025,LC,74,,1308,PG2,30,10YR4/2,dark grayish brown,9,3,1,2,2,12,0,5.6,1,16,,,,,,,,,,,,,Plates
2677,11243,16358,C,272145,LC,74,2,1308,PG2,38,10YR6/2,light brownish gray,0,2,2,1,1,11,0,85,1,44.5,0.57,,,,,,,,,,,,Plates
4846,17812,19068,M,272025,LC,74,,1307,PG1,28,5YR6/6,light red,,,,,,,,,1,,,,,Plate,,,,,-,-,1999,-,Plates
794,6953,13185,W,28121,LC,74,1,1314,PG2,34,10YR6/4,light yellowish brown,0,1,1,1,2,13,0,82,1,20.6,0.36,,,,,,,,,,,,Plates
2990,11944,16484,FK,272182,LC,74,1,1311,PG3,25,7.5YR6/4,light brown,0,0,1,1,2,11,0,69,1,16.1,0.78,,,,,,,,,,,,Plates
4487,16724,18695,E,272025,LC,74,,1315,PG2,38,7.5YR5/6,strong brown,,,,,,,,,1,,,,,Plate,,,,,-,43467,1998,-,Plates
721,6798,13176,AD,28121,LC,74,1,1315,PG2,35,10YR5/2,grayish brown,0,1,1,1,1,13,0,72,1,22.7,0.63,,,,,,,,,,,,Plates
4468,16674,18678,C,272025,LC,74,,1314,PG2,34,7.5YR6/2,pinkish red,,,,,,,,,1,,,,,Plate,,,,,-,43466,1998,-,Plates
758,6874,13180,AP,28121,LC,74,1,1319,PG1,42,10YR3/1,very dark grey,0,3,1,1,1,11,0,77,1,11.8,0.62,,,,,,,,,,,,Plates
3985,15096,18501,AM,272025,LC,74,,1308,PG2,32,10YR6/6,brownish yellow,,,,,,,,,1,,,,,Plate,,,,,-,43466,1998,-,Plates
3892,14814,18415,BF,272025,LC,74,,1314,PG2,7,2.5Y6/2,light brownish gray,9,3,1,2,2,13,0,7.1,1,12,,"External flange, interior ridge notch",,,,,,,,,,,Plates
3820,14443,18370,-,272005,LC,74,,1308,PG2,,7.5YR5/6,strong brown,,,,,,,,,1,,,,,Plate,,None,,,EP25XR-23,25-01,1997,-,Plates
3891,14811,18415,C,272025,LC,74,,1308,PG2,35,10YR6/2,light brownish gray,3,2,2,2,2,13,0,7.4,1,33,,"External flange, interior ridge",,,,,,,,,,,Plates
3923,14908,18417,S,272025,LC,74,,1310,PG2,20,10YR6/1,gray,9,2,1,1,2,13,0,9,1,8,,,,,,,,,,,,,Plates
3911,14869,18415,U,272025,LC,74,,1314,PG2,19,7.5YR6/4,light brown,9,3,2,1,2,15,21,7.3,1,18,,,,,,,,,,,,,Plates
3910,14867,18415,V,272025,LC,74,,1315,PG2,29,10YR8/4,very pale brown,9,0,1,2,2,13,0,5.3,1,21,,external flange volcanic ash,,,,,,,,,,,Plates
3924,14909,18417,W,272025,LC,74,,1310,PG2,25,2.5Y5/1,gray,9,3,2,1,2,13,0,8.7,1,9,,,,,,,,,,,,,Plates
2985,11936,16484,FB,272182,LC,74,1,1315,PG2,44,2.5YR6/4,light reddish brown,0,1,1,1,2,11,0,77,1,16.1,0.78,,,,,,,,,,,,Plates
4646,17331,19033,AB,272025,LC,76,,1313,PG4,32,10YR6/6,brownish yellow,,,,,,,,,1,,,,,Plate,10 YR 5/1 | 2.5 YR 4/8,B,,,-,-,1999,-,Plates
2457,10765,16170,DL,272145,LC,77,1,1313,PG4,36,10YR6/4,light yellowish brown,0,2,1,1,2,14,24,100,1,33.3,,"Large refit, 4 pieces includimg one with foot",,,,,,,,,,,Plates
27,857,16469,V,272136,,78,2,259,JG2,34,10YR4/1,dark gray,0,3,2,3,1,11,0,107,1,18.5,0.6,,,,,,,,,,,,Jars
2631,11112,16266,C,272145,LC,78,1,239,JG1,,10YR5/3,brown,0,1,1,1,2,13,0,56,1,21.8,2.73,,,,,,,,,,,,Jars
2604,11050,16233,AL,272145,LC,78,1,207,JG1,24,10YR5/6,yellowish brown,1,2,1,1,2,11,0,84,1,17.4,0.74,,,,,,,,,,,,Jars
1371,8081,13405,J,28121,LC,78,1,1307,PG1,30,7.5YR6/4,light brown,0,1,1,1,2,11,11,74,1,25.8,0.6,or 1320,,,,,,,,,,,Plates
5756,23584,13014,L,28121,TC,78,1,1313,PG4,25,7.5YR6/4,light brown,0,1,1,1,2,12,15,57,1,23.8,0.34,,,,,,,,,,,,Plates
1373,8086,13405,Q,28121,LC,78,1,1313,PG4,34,5YR6/4,light reddish brown,0,0,1,1,2,13,15,65,1,25.8,0.6,,,,,,,,,,,,Plates
5757,23585,13016,B,28121,TC,78,1,1313,PG4,38,7.5YR6/4,light brown,0,0,1,1,2,12,11,61,1,9,0.24,,,,,,,,,,,,Plates
5760,23590,13065,N,28121,TC,78,1,1313,PG4,36,7.5YR6/4,light brown,0,0,1,1,2,12,11,57,1,15.5,0.735,,,,,,,,,,,,Plates
1688,8801,14233,L,27826,LC,78,2,239,JG1,24,7.5YR4/8,,1,0,1,2,2,11,0,57,1,12.5,0.4,,,,,,,,,,,,Jars
3159,12387,16499,Z,272182,LC,78,1,270,JG1,30,7.5YR6/4,light brown,0,0,1,1,2,11,0,72,1,16.3,0.05,5 SHERDS,,,,,,,,,,,Jars
2024,9667,14313,Q,27826,LC,78,1,1307,PG1,,2.5Y6/3,light yellowish brownish,3,1,1,2,2,11,0,65,1,14.9,0.23,,,,,,,,,,,,Plates
937,7236,13253,C,28121,LC,78,1,252,JG2,19,7.5YR4/6,strong brown,0,2,1,2,2,11,0,91,1,9.9,0.27,,,,,,,,,,,,Jars
2022,9650,14312,F,27826,LC,78,1,1313,PG4,,2.5Y7/4,pale yellow,1,0,2,1,2,13,11,80,1,17,0.05,"Deeply incised 1/2"" down on exterior rim",,,,,,,,,,,Plates
2999,11957,16484,GA,272182,LC,78,2,270,JG1,45,7.5YR6/6,reddish yellow,1,1,1,1,2,12,11,75,1,16.1,0.78,,,,,,,,,,,,Jars
380,5935,13065,AB,28121,LC,78,1,1313,PG4,40,7.5YR6/4,light brown,0,1,1,1,2,13,11,68,1,15.5,0.735,,,,,,,,,,,,Plates
386,5949,13065,T,28121,LC,78,1,1313,PG4,38,7.5YR6/4,light brown,1,1,1,1,2,12,11,61,1,15.5,0.735,,,,,,,,,,,,Plates
2773,11474,16429,C,272145,LC,78,1,259,JG2,25,10YR5/6,yellowish brown,0,1,1,1,2,12,0,89,1,19.5,1.37,Jar,,,,,,,,,,,Jars
5404,21374,14232,A,27826,PC,78,1,270,JG1,46,10YR5/3,brown,0,3,1,1,2,13,0,81,1,13.4,0.32,"RED SLIP INT AND EXT, 4 PCS",,,,,,,,,,,Jars
491,6172,13095,BA,28121,LC,78,1,246,JG3,30,10YR5/4,yellowish brown,2,0,2,2,2,12,0,127,1,21.9,0.72,,,,,,,,,,,,Jars
349,5855,13014,K,28121,LC,78,1,1313,PG4,34,10YR5/4,yellowish brown,0,1,1,1,2,11,15,84,1,23.8,0.34,,,,,,,,,,,,Plates
5844,23730,13143,BC,28121,TC,79,,1318,PG1,38,7.5YR8/6,reddish yellow,2,0,1,1,2,22,11,7.6,2,,,,,,,,,,,,,,Plates
3513,13147,16604,G,272136,LC,81,1,1310,PG2,25,10YR5/4,yellowish brown,0,2,1,2,2,12,0,95,1,14.8,0.76,PLATE,,,,,,,,,,,Plates
1275,7904,13361,AC,28121,LC,82,2,322,JG3,22,2.5Y6/4,light yellowish brownish,0,2,2,3,2,11,0,80,1,20.9,0.3,,,,,,,,,,,,Jars
1355,8045,13405,AB,28121,LC,721,,1307,PG1,38,5YR6/4,light reddish brown,0,0,1,1,2,13,11,77,1,25.8,0.6,,,,,,,,,,,,Plates